{"order": [4, 0, 10], "seasonal_order": [1, 0, 1, 24], "params": [5.052806946874142, 0.06321591277969292, 2.2337695865343186, 0.6514031585709789, 0.09827803692739302, 0.002978333294150625, 2.461633100148061, 0.10683013244089193, 0.11949036812721114, -0.16637862193706449, 0.16928775805613944, -0.08889236594959846, -0.20385398542838484, 0.16055449840150873, -0.10898732207050403, -0.023498921694991005, -0.03026696915629969, 0.05204629202963308, -0.01945043206414659, -0.0054023214470296545, 0.060561054028272165, -0.1763247976702855, 0.17255104079192868, 28.816956109666712]}