{"order": [4, 0, 10], "seasonal_order": [1, 0, 1, 24], "params": [5.045159652367152, 0.06346863910344723, 2.2432986947262576, 0.6481075806242504, 0.09844414441374498, 0.002999311783523563, 2.459814669952839, 0.08170498178731334, 0.10623065593949282, -0.16144068427454075, 0.1515710568763767, -0.06249259699509222, -0.18836609089039202, 0.155957233875681, -0.0931078325432359, -0.01820251172039757, -0.0324092710255192, 0.04936676467587244, -0.018038238228435005, -0.01062403470955513, 0.06033447918207476, -0.15388708178547986, 0.14681971680103928, 28.876293238139024]}